t,u,y
0.00000000,11.13793850,50.00000000
0.80000000,7.13793850,50.00000000
1.60000000,7.13793850,50.00000000
2.40000000,7.13793850,49.87500000
3.20000000,7.13793850,49.81250000
4.00000000,7.13793850,49.68750000
4.80000000,7.13793850,49.50000000
5.60000000,7.13793850,49.37500000
6.40000000,7.13793850,49.31250000
7.20000000,7.13793850,49.18750000
8.00000000,7.13793850,49.06250000
8.80000000,7.13793850,48.93750000
9.60000000,7.13793850,48.87500000
10.40000000,7.13793850,48.75000000
11.20000000,7.13793850,48.68750000
12.00000000,7.13793850,48.62500000
12.80000000,7.13793850,48.56250000
13.60000000,7.13793850,48.43750000
14.40000000,7.13793850,48.37500000
15.20000000,7.13793850,48.31250000
16.00000000,7.13793850,48.18750000
16.80000000,7.13793850,48.18750000
17.60000000,7.13793850,48.06250000
18.40000000,7.13793850,48.00000000
19.20000000,7.13793850,47.93750000
20.00000000,15.13793850,47.87500000
20.80000000,15.13793850,47.81250000
21.60000000,15.13793850,48.00000000
22.40000000,15.13793850,48.18750000
23.20000000,15.13793850,48.37500000
24.00000000,15.13793850,48.56250000
24.80000000,15.13793850,48.68750000
25.60000000,15.13793850,48.87500000
26.40000000,15.13793850,49.00000000
27.20000000,15.13793850,49.18750000
28.00000000,15.13793850,49.31250000
28.80000000,15.13793850,49.50000000
29.60000000,15.13793850,49.62500000
30.40000000,15.13793850,49.75000000
31.20000000,15.13793850,49.87500000
32.00000000,15.13793850,50.00000000
32.80000000,15.13793850,50.12500000
33.60000000,15.13793850,50.25000000
34.40000000,15.13793850,50.37500000
35.20000000,15.13793850,50.43750000
36.00000000,15.13793850,50.56250000
36.80000000,15.13793850,50.68750000
37.60000000,15.13793850,50.75000000
38.40000000,15.13793850,50.87500000
39.20000000,15.13793850,50.93750000
40.00000000,15.13793850,51.00000000
40.80000000,15.13793850,51.12500000
41.60000000,15.13793850,51.18750000
42.40000000,15.13793850,51.25000000
43.20000000,15.13793850,51.31250000
44.00000000,15.13793850,51.43750000
44.80000000,15.13793850,51.50000000
45.60000000,15.13793850,51.56250000
46.40000000,15.13793850,51.62500000
47.20000000,15.13793850,51.68750000
48.00000000,15.13793850,51.75000000
48.80000000,15.13793850,51.87500000
49.60000000,15.13793850,51.87500000
50.40000000,15.13793850,51.93750000
51.20000000,15.13793850,52.06250000
52.00000000,15.13793850,52.12500000
52.80000000,15.13793850,52.18750000
53.60000000,15.13793850,52.25000000
54.40000000,15.13793850,52.31250000
55.20000000,15.13793850,52.37500000
56.00000000,15.13793850,52.43750000
56.80000000,15.13793850,52.50000000
57.60000000,15.13793850,52.50000000
58.40000000,15.13793850,52.56250000
59.20000000,15.13793850,52.62500000
60.00000000,7.13793850,52.68750000
60.80000000,7.13793850,52.75000000
61.60000000,7.13793850,52.62500000
62.40000000,7.13793850,52.37500000
63.20000000,7.13793850,52.18750000
64.00000000,7.13793850,52.00000000
64.80000000,7.13793850,51.81250000
65.60000000,7.13793850,51.62500000
66.40000000,7.13793850,51.43750000
67.20000000,7.13793850,51.31250000
68.00000000,7.13793850,51.12500000
68.80000000,7.13793850,51.00000000
69.60000000,7.13793850,50.81250000
70.40000000,7.13793850,50.68750000
71.20000000,7.13793850,50.56250000
72.00000000,7.13793850,50.43750000
72.80000000,7.13793850,50.25000000
73.60000000,7.13793850,50.18750000
74.40000000,7.13793850,50.06250000
75.20000000,7.13793850,49.87500000
76.00000000,7.13793850,49.75000000
76.80000000,7.13793850,49.68750000
77.60000000,7.13793850,49.56250000
78.40000000,7.13793850,49.43750000
79.20000000,7.13793850,49.31250000
80.00000000,7.13793850,49.25000000
80.80000000,7.13793850,49.12500000
81.60000000,7.13793850,49.00000000
82.40000000,7.13793850,48.93750000
83.20000000,7.13793850,48.81250000
84.00000000,7.13793850,48.75000000
84.80000000,7.13793850,48.62500000
85.60000000,7.13793850,48.56250000
86.40000000,7.13793850,48.50000000
87.20000000,7.13793850,48.37500000
88.00000000,7.13793850,48.31250000
88.80000000,7.13793850,48.25000000
89.60000000,7.13793850,48.18750000
90.40000000,7.13793850,48.06250000
91.20000000,7.13793850,48.06250000
92.00000000,7.13793850,47.93750000
92.80000000,7.13793850,47.87500000
93.60000000,7.13793850,47.81250000
94.40000000,7.13793850,47.75000000
95.20000000,7.13793850,47.68750000
96.00000000,7.13793850,47.68750000
96.80000000,7.13793850,47.62500000
97.60000000,7.13793850,47.56250000
98.40000000,7.13793850,47.50000000
99.20000000,7.13793850,47.37500000
100.00000000,15.13793850,47.37500000
100.80000000,15.13793850,47.31250000
101.60000000,15.13793850,47.43750000
102.40000000,15.13793850,47.68750000
103.20000000,15.13793850,47.87500000
104.00000000,15.13793850,48.06250000
104.80000000,15.13793850,48.25000000
105.60000000,15.13793850,48.43750000
106.40000000,15.13793850,48.56250000
107.20000000,15.13793850,48.75000000
108.00000000,15.13793850,48.93750000
108.80000000,15.13793850,49.06250000
109.60000000,15.13793850,49.18750000
110.40000000,15.13793850,49.31250000
111.20000000,15.13793850,49.50000000
112.00000000,15.13793850,49.62500000
112.80000000,15.13793850,49.75000000
113.60000000,15.13793850,49.87500000
114.40000000,15.13793850,50.00000000
115.20000000,15.13793850,50.12500000
116.00000000,15.13793850,50.25000000
116.80000000,15.13793850,50.37500000
117.60000000,15.13793850,50.43750000
118.40000000,15.13793850,50.56250000
119.20000000,15.13793850,50.68750000
120.00000000,15.13793850,50.81250000
120.80000000,15.13793850,50.87500000
121.60000000,15.13793850,50.93750000
122.40000000,15.13793850,51.06250000
123.20000000,15.13793850,51.12500000
124.00000000,15.13793850,51.25000000
124.80000000,15.13793850,51.31250000
125.60000000,15.13793850,51.43750000
126.40000000,15.13793850,51.50000000
127.20000000,15.13793850,51.56250000
128.00000000,15.13793850,51.68750000
128.80000000,15.13793850,51.68750000
129.60000000,15.13793850,51.81250000
130.40000000,15.13793850,51.87500000
131.20000000,15.13793850,51.93750000
132.00000000,15.13793850,52.00000000
132.80000000,15.13793850,52.06250000
133.60000000,15.13793850,52.12500000
134.40000000,15.13793850,52.18750000
135.20000000,15.13793850,52.25000000
136.00000000,15.13793850,52.31250000
136.80000000,15.13793850,52.31250000
137.60000000,15.13793850,52.43750000
138.40000000,15.13793850,52.50000000
139.20000000,15.13793850,52.50000000
140.00000000,7.13793850,52.62500000
140.80000000,7.13793850,52.62500000
141.60000000,7.13793850,52.50000000
142.40000000,7.13793850,52.31250000
143.20000000,7.13793850,52.06250000
144.00000000,7.13793850,51.87500000
144.80000000,7.13793850,51.68750000
145.60000000,7.13793850,51.50000000
146.40000000,7.13793850,51.37500000
147.20000000,7.13793850,51.18750000
148.00000000,7.13793850,51.00000000
148.80000000,7.13793850,50.87500000
149.60000000,7.13793850,50.68750000
150.40000000,7.13793850,50.56250000
151.20000000,7.13793850,50.43750000
152.00000000,7.13793850,50.31250000
152.80000000,7.13793850,50.18750000
153.60000000,7.13793850,50.06250000
154.40000000,7.13793850,49.93750000
155.20000000,7.13793850,49.81250000
156.00000000,7.13793850,49.68750000
156.80000000,7.13793850,49.56250000
157.60000000,7.13793850,49.50000000
158.40000000,7.13793850,49.37500000
159.20000000,7.13793850,49.25000000
160.00000000,15.13793850,49.18750000
160.80000000,15.13793850,49.06250000
161.60000000,15.13793850,49.18750000
162.40000000,15.13793850,49.37500000
163.20000000,15.13793850,49.50000000
164.00000000,15.13793850,49.68750000
164.80000000,15.13793850,49.81250000
165.60000000,15.13793850,49.93750000
166.40000000,15.13793850,50.12500000
167.20000000,15.13793850,50.18750000
168.00000000,15.13793850,50.31250000
168.80000000,15.13793850,50.43750000
169.60000000,15.13793850,50.56250000
170.40000000,15.13793850,50.68750000
171.20000000,15.13793850,50.81250000
172.00000000,15.13793850,50.87500000
172.80000000,15.13793850,51.00000000
173.60000000,15.13793850,51.12500000
174.40000000,15.13793850,51.18750000
175.20000000,15.13793850,51.31250000
176.00000000,15.13793850,51.37500000
176.80000000,15.13793850,51.43750000
177.60000000,15.13793850,51.56250000
178.40000000,15.13793850,51.62500000
179.20000000,15.13793850,51.68750000
180.00000000,15.13793850,51.75000000
180.80000000,15.13793850,51.87500000
181.60000000,15.13793850,51.93750000
182.40000000,15.13793850,52.00000000
183.20000000,15.13793850,52.06250000
184.00000000,15.13793850,52.12500000
184.80000000,15.13793850,52.18750000
185.60000000,15.13793850,52.25000000
186.40000000,15.13793850,52.31250000
187.20000000,15.13793850,52.37500000
188.00000000,15.13793850,52.43750000
188.80000000,15.13793850,52.50000000
189.60000000,15.13793850,52.56250000
190.40000000,15.13793850,52.62500000
191.20000000,15.13793850,52.62500000
192.00000000,15.13793850,52.68750000
192.80000000,15.13793850,52.75000000
193.60000000,15.13793850,52.81250000
194.40000000,15.13793850,52.81250000
195.20000000,15.13793850,52.87500000
196.00000000,15.13793850,52.93750000
196.80000000,15.13793850,53.00000000
197.60000000,15.13793850,53.00000000
198.40000000,15.13793850,53.06250000
199.20000000,15.13793850,53.06250000
200.00000000,15.13793850,53.12500000
200.80000000,15.13793850,53.18750000
201.60000000,15.13793850,53.18750000
202.40000000,15.13793850,53.25000000
203.20000000,15.13793850,53.31250000
204.00000000,15.13793850,53.31250000
204.80000000,15.13793850,53.37500000
205.60000000,15.13793850,53.37500000
206.40000000,15.13793850,53.37500000
207.20000000,15.13793850,53.37500000
208.00000000,15.13793850,53.43750000
208.80000000,15.13793850,53.50000000
209.60000000,15.13793850,53.50000000
210.40000000,15.13793850,53.50000000
211.20000000,15.13793850,53.56250000
212.00000000,15.13793850,53.56250000
212.80000000,15.13793850,53.62500000
213.60000000,15.13793850,53.62500000
214.40000000,15.13793850,53.62500000
215.20000000,15.13793850,53.62500000
216.00000000,15.13793850,53.68750000
216.80000000,15.13793850,53.68750000
217.60000000,15.13793850,53.75000000
218.40000000,15.13793850,53.75000000
219.20000000,15.13793850,53.75000000
220.00000000,7.13793850,53.75000000
220.80000000,7.13793850,53.75000000
221.60000000,7.13793850,53.62500000
222.40000000,7.13793850,53.37500000
223.20000000,7.13793850,53.18750000
224.00000000,7.13793850,52.93750000
224.80000000,7.13793850,52.75000000
225.60000000,7.13793850,52.50000000
226.40000000,7.13793850,52.37500000
227.20000000,7.13793850,52.18750000
228.00000000,7.13793850,51.93750000
228.80000000,7.13793850,51.81250000
229.60000000,7.13793850,51.62500000
230.40000000,7.13793850,51.50000000
231.20000000,7.13793850,51.31250000
232.00000000,7.13793850,51.18750000
232.80000000,7.13793850,51.06250000
233.60000000,7.13793850,50.93750000
234.40000000,7.13793850,50.75000000
235.20000000,7.13793850,50.62500000
236.00000000,7.13793850,50.50000000
236.80000000,7.13793850,50.37500000
237.60000000,7.13793850,50.31250000
238.40000000,7.13793850,50.12500000
239.20000000,7.13793850,50.06250000
240.00000000,15.13793850,49.93750000
240.80000000,15.13793850,49.81250000
241.60000000,15.13793850,49.87500000
242.40000000,15.13793850,50.06250000
243.20000000,15.13793850,50.25000000
244.00000000,15.13793850,50.37500000
244.80000000,15.13793850,50.50000000
245.60000000,15.13793850,50.62500000
246.40000000,15.13793850,50.75000000
247.20000000,15.13793850,50.87500000
248.00000000,15.13793850,51.00000000
248.80000000,15.13793850,51.12500000
249.60000000,15.13793850,51.25000000
250.40000000,15.13793850,51.31250000
251.20000000,15.13793850,51.37500000
252.00000000,15.13793850,51.50000000
252.80000000,15.13793850,51.56250000
253.60000000,15.13793850,51.68750000
254.40000000,15.13793850,51.75000000
255.20000000,15.13793850,51.81250000
256.00000000,15.13793850,51.87500000
256.80000000,15.13793850,52.00000000
257.60000000,15.13793850,52.12500000
258.40000000,15.13793850,52.12500000
259.20000000,15.13793850,52.25000000
260.00000000,15.13793850,52.25000000
260.80000000,15.13793850,52.37500000
261.60000000,15.13793850,52.43750000
262.40000000,15.13793850,52.43750000
263.20000000,15.13793850,52.50000000
264.00000000,15.13793850,52.56250000
264.80000000,15.13793850,52.62500000
265.60000000,15.13793850,52.68750000
266.40000000,15.13793850,52.75000000
267.20000000,15.13793850,52.81250000
268.00000000,15.13793850,52.81250000
268.80000000,15.13793850,52.87500000
269.60000000,15.13793850,52.87500000
270.40000000,15.13793850,52.93750000
271.20000000,15.13793850,53.00000000
272.00000000,15.13793850,53.06250000
272.80000000,15.13793850,53.06250000
273.60000000,15.13793850,53.12500000
274.40000000,15.13793850,53.12500000
275.20000000,15.13793850,53.18750000
276.00000000,15.13793850,53.25000000
276.80000000,15.13793850,53.25000000
277.60000000,15.13793850,53.31250000
278.40000000,15.13793850,53.37500000
279.20000000,15.13793850,53.37500000
280.00000000,7.13793850,53.43750000
280.80000000,7.13793850,53.43750000
281.60000000,7.13793850,53.25000000
282.40000000,7.13793850,53.06250000
283.20000000,7.13793850,52.87500000
284.00000000,7.13793850,52.62500000
284.80000000,7.13793850,52.43750000
285.60000000,7.13793850,52.25000000
286.40000000,7.13793850,52.06250000
287.20000000,7.13793850,51.87500000
288.00000000,7.13793850,51.68750000
288.80000000,7.13793850,51.56250000
289.60000000,7.13793850,51.43750000
290.40000000,7.13793850,51.25000000
291.20000000,7.13793850,51.12500000
292.00000000,7.13793850,50.93750000
292.80000000,7.13793850,50.81250000
293.60000000,7.13793850,50.68750000
294.40000000,7.13793850,50.56250000
295.20000000,7.13793850,50.43750000
296.00000000,7.13793850,50.31250000
296.80000000,7.13793850,50.18750000
297.60000000,7.13793850,50.06250000
298.40000000,7.13793850,50.00000000
299.20000000,7.13793850,49.87500000
300.00000000,15.13793850,49.81250000
300.80000000,15.13793850,49.68750000
301.60000000,15.13793850,49.81250000
302.40000000,15.13793850,49.93750000
303.20000000,15.13793850,50.06250000
304.00000000,15.13793850,50.18750000
304.80000000,15.13793850,50.37500000
305.60000000,15.13793850,50.50000000
306.40000000,15.13793850,50.62500000
307.20000000,15.13793850,50.75000000
308.00000000,15.13793850,50.87500000
308.80000000,15.13793850,51.00000000
309.60000000,15.13793850,51.06250000
310.40000000,15.13793850,51.18750000
311.20000000,15.13793850,51.31250000
312.00000000,15.13793850,51.37500000
312.80000000,15.13793850,51.50000000
313.60000000,15.13793850,51.62500000
314.40000000,15.13793850,51.68750000
315.20000000,15.13793850,51.75000000
316.00000000,15.13793850,51.81250000
316.80000000,15.13793850,51.93750000
317.60000000,15.13793850,52.00000000
318.40000000,15.13793850,52.06250000
319.20000000,15.13793850,52.12500000
320.00000000,7.13793850,52.18750000
320.80000000,7.13793850,52.31250000
321.60000000,7.13793850,52.12500000
322.40000000,7.13793850,52.00000000
323.20000000,7.13793850,51.75000000
324.00000000,7.13793850,51.56250000
324.80000000,7.13793850,51.43750000
325.60000000,7.13793850,51.25000000
326.40000000,7.13793850,51.06250000
327.20000000,7.13793850,50.93750000
328.00000000,7.13793850,50.75000000
328.80000000,7.13793850,50.62500000
329.60000000,7.13793850,50.50000000
330.40000000,7.13793850,50.37500000
331.20000000,7.13793850,50.25000000
332.00000000,7.13793850,50.12500000
332.80000000,7.13793850,50.00000000
333.60000000,7.13793850,49.93750000
334.40000000,7.13793850,49.81250000
335.20000000,7.13793850,49.68750000
336.00000000,7.13793850,49.56250000
336.80000000,7.13793850,49.50000000
337.60000000,7.13793850,49.37500000
338.40000000,7.13793850,49.25000000
339.20000000,7.13793850,49.18750000
340.00000000,7.13793850,49.12500000
340.80000000,7.13793850,49.00000000
341.60000000,7.13793850,48.93750000
342.40000000,7.13793850,48.87500000
343.20000000,7.13793850,48.75000000
344.00000000,7.13793850,48.68750000
344.80000000,7.13793850,48.62500000
345.60000000,7.13793850,48.50000000
346.40000000,7.13793850,48.43750000
347.20000000,7.13793850,48.37500000
348.00000000,7.13793850,48.31250000
348.80000000,7.13793850,48.25000000
349.60000000,7.13793850,48.18750000
350.40000000,7.13793850,48.06250000
351.20000000,7.13793850,48.06250000
352.00000000,7.13793850,48.00000000
352.80000000,7.13793850,47.93750000
353.60000000,7.13793850,47.87500000
354.40000000,7.13793850,47.81250000
355.20000000,7.13793850,47.75000000
356.00000000,7.13793850,47.68750000
356.80000000,7.13793850,47.62500000
357.60000000,7.13793850,47.56250000
358.40000000,7.13793850,47.50000000
359.20000000,7.13793850,47.50000000
360.00000000,15.13793850,47.43750000
360.80000000,15.13793850,47.43750000
361.60000000,15.13793850,47.56250000
362.40000000,15.13793850,47.75000000
363.20000000,15.13793850,48.00000000
364.00000000,15.13793850,48.18750000
364.80000000,15.13793850,48.37500000
365.60000000,15.13793850,48.56250000
366.40000000,15.13793850,48.68750000
367.20000000,15.13793850,48.87500000
368.00000000,15.13793850,49.06250000
368.80000000,15.13793850,49.18750000
369.60000000,15.13793850,49.37500000
370.40000000,15.13793850,49.50000000
371.20000000,15.13793850,49.62500000
372.00000000,15.13793850,49.75000000
372.80000000,15.13793850,49.93750000
373.60000000,15.13793850,50.00000000
374.40000000,15.13793850,50.12500000
375.20000000,15.13793850,50.25000000
376.00000000,15.13793850,50.37500000
376.80000000,15.13793850,50.50000000
377.60000000,15.13793850,50.56250000
378.40000000,15.13793850,50.68750000
379.20000000,15.13793850,50.75000000
380.00000000,7.13793850,50.87500000
380.80000000,7.13793850,51.00000000
381.60000000,7.13793850,50.87500000
382.40000000,7.13793850,50.68750000
383.20000000,7.13793850,50.50000000
384.00000000,7.13793850,50.37500000
384.80000000,7.13793850,50.18750000
385.60000000,7.13793850,50.06250000
386.40000000,7.13793850,49.93750000
387.20000000,7.13793850,49.81250000
388.00000000,7.13793850,49.68750000
388.80000000,7.13793850,49.56250000
389.60000000,7.13793850,49.43750000
390.40000000,7.13793850,49.37500000
391.20000000,7.13793850,49.25000000
392.00000000,7.13793850,49.12500000
392.80000000,7.13793850,49.06250000
393.60000000,7.13793850,48.93750000
394.40000000,7.13793850,48.87500000
395.20000000,7.13793850,48.75000000
396.00000000,7.13793850,48.68750000
396.80000000,7.13793850,48.62500000
397.60000000,7.13793850,48.50000000
398.40000000,7.13793850,48.43750000
399.20000000,7.13793850,48.37500000
400.00000000,7.13793850,48.31250000
400.80000000,7.13793850,48.25000000
401.60000000,7.13793850,48.18750000
402.40000000,7.13793850,48.06250000
403.20000000,7.13793850,48.06250000
404.00000000,7.13793850,48.00000000
404.80000000,7.13793850,47.93750000
405.60000000,7.13793850,47.87500000
406.40000000,7.13793850,47.81250000
407.20000000,7.13793850,47.75000000
408.00000000,7.13793850,47.68750000
408.80000000,7.13793850,47.62500000
409.60000000,7.13793850,47.62500000
410.40000000,7.13793850,47.56250000
411.20000000,7.13793850,47.50000000
412.00000000,7.13793850,47.43750000
412.80000000,7.13793850,47.37500000
413.60000000,7.13793850,47.37500000
414.40000000,7.13793850,47.31250000
415.20000000,7.13793850,47.25000000
416.00000000,7.13793850,47.25000000
416.80000000,7.13793850,47.18750000
417.60000000,7.13793850,47.12500000
418.40000000,7.13793850,47.12500000
419.20000000,7.13793850,47.06250000
420.00000000,15.13793850,47.06250000
420.80000000,15.13793850,47.00000000
421.60000000,15.13793850,47.18750000
422.40000000,15.13793850,47.37500000
423.20000000,15.13793850,47.62500000
424.00000000,15.13793850,47.81250000
424.80000000,15.13793850,48.00000000
425.60000000,15.13793850,48.18750000
426.40000000,15.13793850,48.37500000
427.20000000,15.13793850,48.56250000
428.00000000,15.13793850,48.75000000
428.80000000,15.13793850,48.87500000
429.60000000,15.13793850,49.06250000
430.40000000,15.13793850,49.18750000
431.20000000,15.13793850,49.37500000
432.00000000,15.13793850,49.43750000
432.80000000,15.13793850,49.62500000
433.60000000,15.13793850,49.75000000
434.40000000,15.13793850,49.87500000
435.20000000,15.13793850,50.00000000
436.00000000,15.13793850,50.12500000
436.80000000,15.13793850,50.25000000
437.60000000,15.13793850,50.37500000
438.40000000,15.13793850,50.43750000
439.20000000,15.13793850,50.62500000
440.00000000,15.13793850,50.68750000
440.80000000,15.13793850,50.75000000
441.60000000,15.13793850,50.87500000
442.40000000,15.13793850,50.93750000
443.20000000,15.13793850,51.06250000
444.00000000,15.13793850,51.18750000
444.80000000,15.13793850,51.25000000
445.60000000,15.13793850,51.31250000
446.40000000,15.13793850,51.43750000
447.20000000,15.13793850,51.50000000
448.00000000,15.13793850,51.62500000
448.80000000,15.13793850,51.62500000
449.60000000,15.13793850,51.75000000
450.40000000,15.13793850,51.81250000
451.20000000,15.13793850,51.87500000
452.00000000,15.13793850,51.93750000
452.80000000,15.13793850,52.00000000
453.60000000,15.13793850,52.06250000
454.40000000,15.13793850,52.12500000
455.20000000,15.13793850,52.18750000
456.00000000,15.13793850,52.31250000
456.80000000,15.13793850,52.31250000
457.60000000,15.13793850,52.37500000
458.40000000,15.13793850,52.43750000
459.20000000,15.13793850,52.50000000
460.00000000,15.13793850,52.56250000
460.80000000,15.13793850,52.56250000
461.60000000,15.13793850,52.62500000
462.40000000,15.13793850,52.68750000
463.20000000,15.13793850,52.81250000
464.00000000,15.13793850,52.81250000
464.80000000,15.13793850,52.87500000
465.60000000,15.13793850,52.93750000
466.40000000,15.13793850,53.00000000
467.20000000,15.13793850,53.00000000
468.00000000,15.13793850,53.06250000
468.80000000,15.13793850,53.12500000
469.60000000,15.13793850,53.18750000
470.40000000,15.13793850,53.25000000
471.20000000,15.13793850,53.25000000
472.00000000,15.13793850,53.31250000
472.80000000,15.13793850,53.31250000
473.60000000,15.13793850,53.37500000
474.40000000,15.13793850,53.43750000
475.20000000,15.13793850,53.43750000
476.00000000,15.13793850,53.50000000
476.80000000,15.13793850,53.56250000
477.60000000,15.13793850,53.56250000
478.40000000,15.13793850,53.56250000
479.20000000,15.13793850,53.62500000
480.00000000,7.13793850,53.68750000
480.80000000,7.13793850,53.68750000
481.60000000,7.13793850,53.56250000
482.40000000,7.13793850,53.31250000
483.20000000,7.13793850,53.12500000
484.00000000,7.13793850,52.87500000
484.80000000,7.13793850,52.68750000
485.60000000,7.13793850,52.50000000
486.40000000,7.13793850,52.31250000
487.20000000,7.13793850,52.12500000
488.00000000,7.13793850,51.93750000
488.80000000,7.13793850,51.81250000
489.60000000,7.13793850,51.62500000
490.40000000,7.13793850,51.43750000
491.20000000,7.13793850,51.31250000
492.00000000,7.13793850,51.12500000
492.80000000,7.13793850,51.06250000
493.60000000,7.13793850,50.87500000
494.40000000,7.13793850,50.75000000
495.20000000,7.13793850,50.62500000
496.00000000,7.13793850,50.50000000
496.80000000,7.13793850,50.37500000
497.60000000,7.13793850,50.31250000
498.40000000,7.13793850,50.18750000
499.20000000,7.13793850,50.06250000
500.00000000,7.13793850,49.93750000
500.80000000,7.13793850,49.81250000
501.60000000,7.13793850,49.75000000
502.40000000,7.13793850,49.62500000
503.20000000,7.13793850,49.56250000
504.00000000,7.13793850,49.43750000
504.80000000,7.13793850,49.37500000
505.60000000,7.13793850,49.31250000
506.40000000,7.13793850,49.18750000
507.20000000,7.13793850,49.06250000
508.00000000,7.13793850,49.00000000
508.80000000,7.13793850,48.93750000
509.60000000,7.13793850,48.81250000
510.40000000,7.13793850,48.75000000
511.20000000,7.13793850,48.68750000
512.00000000,7.13793850,48.62500000
512.80000000,7.13793850,48.56250000
513.60000000,7.13793850,48.50000000
514.40000000,7.13793850,48.43750000
515.20000000,7.13793850,48.37500000
516.00000000,7.13793850,48.25000000
516.80000000,7.13793850,48.18750000
517.60000000,7.13793850,48.18750000
518.40000000,7.13793850,48.06250000
519.20000000,7.13793850,48.00000000
520.00000000,7.13793850,47.93750000
520.80000000,7.13793850,47.87500000
521.60000000,7.13793850,47.81250000
522.40000000,7.13793850,47.81250000
523.20000000,7.13793850,47.75000000
524.00000000,7.13793850,47.68750000
524.80000000,7.13793850,47.62500000
525.60000000,7.13793850,47.56250000
526.40000000,7.13793850,47.50000000
527.20000000,7.13793850,47.50000000
528.00000000,7.13793850,47.43750000
528.80000000,7.13793850,47.37500000
529.60000000,7.13793850,47.31250000
530.40000000,7.13793850,47.31250000
531.20000000,7.13793850,47.25000000
532.00000000,7.13793850,47.18750000
532.80000000,7.13793850,47.18750000
533.60000000,7.13793850,47.12500000
534.40000000,7.13793850,47.12500000
535.20000000,7.13793850,47.06250000
536.00000000,7.13793850,47.06250000
536.80000000,7.13793850,47.00000000
537.60000000,7.13793850,47.00000000
538.40000000,7.13793850,46.93750000
539.20000000,7.13793850,46.93750000
540.00000000,15.13793850,46.87500000
540.80000000,15.13793850,46.87500000
541.60000000,15.13793850,47.06250000
542.40000000,15.13793850,47.25000000
543.20000000,15.13793850,47.50000000
544.00000000,15.13793850,47.68750000
544.80000000,15.13793850,47.87500000
545.60000000,15.13793850,48.06250000
546.40000000,15.13793850,48.25000000
547.20000000,15.13793850,48.43750000
548.00000000,15.13793850,48.62500000
548.80000000,15.13793850,48.75000000
549.60000000,15.13793850,48.93750000
550.40000000,15.13793850,49.06250000
551.20000000,15.13793850,49.25000000
552.00000000,15.13793850,49.37500000
552.80000000,15.13793850,49.56250000
553.60000000,15.13793850,49.68750000
554.40000000,15.13793850,49.81250000
555.20000000,15.13793850,49.93750000
556.00000000,15.13793850,50.06250000
556.80000000,15.13793850,50.18750000
557.60000000,15.13793850,50.31250000
558.40000000,15.13793850,50.43750000
559.20000000,15.13793850,50.56250000
560.00000000,7.13793850,50.62500000
560.80000000,7.13793850,50.75000000
561.60000000,7.13793850,50.62500000
562.40000000,7.13793850,50.50000000
563.20000000,7.13793850,50.37500000
564.00000000,7.13793850,50.18750000
564.80000000,7.13793850,50.06250000
565.60000000,7.13793850,49.93750000
566.40000000,7.13793850,49.81250000
567.20000000,7.13793850,49.62500000
568.00000000,7.13793850,49.56250000
568.80000000,7.13793850,49.43750000
569.60000000,7.13793850,49.37500000
570.40000000,7.13793850,49.25000000
571.20000000,7.13793850,49.12500000
572.00000000,7.13793850,49.00000000
572.80000000,7.13793850,48.93750000
573.60000000,7.13793850,48.87500000
574.40000000,7.13793850,48.81250000
575.20000000,7.13793850,48.75000000
576.00000000,7.13793850,48.56250000
576.80000000,7.13793850,48.56250000
577.60000000,7.13793850,48.43750000
578.40000000,7.13793850,48.37500000
579.20000000,7.13793850,48.31250000
580.00000000,15.13793850,48.25000000
580.80000000,15.13793850,48.18750000
581.60000000,15.13793850,48.31250000
582.40000000,15.13793850,48.50000000
583.20000000,15.13793850,48.68750000
584.00000000,15.13793850,48.87500000
584.80000000,15.13793850,49.06250000
585.60000000,15.13793850,49.18750000
586.40000000,15.13793850,49.31250000
587.20000000,15.13793850,49.50000000
588.00000000,15.13793850,49.68750000
588.80000000,15.13793850,49.81250000
589.60000000,15.13793850,49.93750000
590.40000000,15.13793850,50.06250000
591.20000000,15.13793850,50.18750000
592.00000000,15.13793850,50.31250000
592.80000000,15.13793850,50.43750000
593.60000000,15.13793850,50.56250000
594.40000000,15.13793850,50.62500000
595.20000000,15.13793850,50.75000000
596.00000000,15.13793850,50.87500000
596.80000000,15.13793850,51.00000000
597.60000000,15.13793850,51.06250000
598.40000000,15.13793850,51.18750000
599.20000000,15.13793850,51.25000000
600.00000000,15.13793850,51.31250000
600.80000000,15.13793850,51.43750000
601.60000000,15.13793850,51.56250000
602.40000000,15.13793850,51.62500000
603.20000000,15.13793850,51.68750000
604.00000000,15.13793850,51.75000000
604.80000000,15.13793850,51.81250000
605.60000000,15.13793850,51.87500000
606.40000000,15.13793850,52.00000000
607.20000000,15.13793850,52.06250000
608.00000000,15.13793850,52.12500000
608.80000000,15.13793850,52.18750000
609.60000000,15.13793850,52.18750000
610.40000000,15.13793850,52.31250000
611.20000000,15.13793850,52.31250000
612.00000000,15.13793850,52.43750000
612.80000000,15.13793850,52.50000000
613.60000000,15.13793850,52.56250000
614.40000000,15.13793850,52.62500000
615.20000000,15.13793850,52.62500000
616.00000000,15.13793850,52.75000000
616.80000000,15.13793850,52.75000000
617.60000000,15.13793850,52.81250000
618.40000000,15.13793850,52.87500000
619.20000000,15.13793850,52.93750000
620.00000000,15.13793850,53.00000000
620.80000000,15.13793850,53.00000000
621.60000000,15.13793850,53.06250000
622.40000000,15.13793850,53.12500000
623.20000000,15.13793850,53.12500000
624.00000000,15.13793850,53.25000000
624.80000000,15.13793850,53.25000000
625.60000000,15.13793850,53.25000000
626.40000000,15.13793850,53.31250000
627.20000000,15.13793850,53.37500000
628.00000000,15.13793850,53.43750000
628.80000000,15.13793850,53.43750000
629.60000000,15.13793850,53.43750000
630.40000000,15.13793850,53.50000000
631.20000000,15.13793850,53.56250000
632.00000000,15.13793850,53.56250000
632.80000000,15.13793850,53.62500000
633.60000000,15.13793850,53.62500000
634.40000000,15.13793850,53.68750000
635.20000000,15.13793850,53.68750000
636.00000000,15.13793850,53.75000000
636.80000000,15.13793850,53.81250000
637.60000000,15.13793850,53.81250000
638.40000000,15.13793850,53.81250000
639.20000000,15.13793850,53.87500000
640.00000000,15.13793850,53.93750000
640.80000000,15.13793850,53.93750000
641.60000000,15.13793850,53.93750000
642.40000000,15.13793850,54.00000000
643.20000000,15.13793850,54.00000000
644.00000000,15.13793850,54.06250000
644.80000000,15.13793850,54.06250000
645.60000000,15.13793850,54.12500000
646.40000000,15.13793850,54.12500000
647.20000000,15.13793850,54.12500000
648.00000000,15.13793850,54.18750000
648.80000000,15.13793850,54.18750000
649.60000000,15.13793850,54.18750000
650.40000000,15.13793850,54.25000000
651.20000000,15.13793850,54.31250000
652.00000000,15.13793850,54.25000000
652.80000000,15.13793850,54.31250000
653.60000000,15.13793850,54.31250000
654.40000000,15.13793850,54.31250000
655.20000000,15.13793850,54.37500000
656.00000000,15.13793850,54.37500000
656.80000000,15.13793850,54.37500000
657.60000000,15.13793850,54.43750000
658.40000000,15.13793850,54.43750000
659.20000000,15.13793850,54.43750000
660.00000000,7.13793850,54.43750000
660.80000000,7.13793850,54.43750000
661.60000000,7.13793850,54.25000000
662.40000000,7.13793850,54.06250000
663.20000000,7.13793850,53.81250000
664.00000000,7.13793850,53.56250000
664.80000000,7.13793850,53.37500000
665.60000000,7.13793850,53.12500000
666.40000000,7.13793850,52.93750000
667.20000000,7.13793850,52.75000000
668.00000000,7.13793850,52.56250000
668.80000000,7.13793850,52.37500000
669.60000000,7.13793850,52.18750000
670.40000000,7.13793850,52.00000000
671.20000000,7.13793850,51.87500000
672.00000000,7.13793850,51.68750000
672.80000000,7.13793850,51.50000000
673.60000000,7.13793850,51.37500000
674.40000000,7.13793850,51.25000000
675.20000000,7.13793850,51.06250000
676.00000000,7.13793850,50.93750000
676.80000000,7.13793850,50.81250000
677.60000000,7.13793850,50.68750000
678.40000000,7.13793850,50.56250000
679.20000000,7.13793850,50.43750000
680.00000000,7.13793850,50.31250000
680.80000000,7.13793850,50.18750000
681.60000000,7.13793850,50.06250000
682.40000000,7.13793850,49.93750000
683.20000000,7.13793850,49.87500000
684.00000000,7.13793850,49.81250000
684.80000000,7.13793850,49.68750000
685.60000000,7.13793850,49.56250000
686.40000000,7.13793850,49.50000000
687.20000000,7.13793850,49.37500000
688.00000000,7.13793850,49.31250000
688.80000000,7.13793850,49.25000000
689.60000000,7.13793850,49.12500000
690.40000000,7.13793850,49.06250000
691.20000000,7.13793850,49.00000000
692.00000000,7.13793850,48.93750000
692.80000000,7.13793850,48.81250000
693.60000000,7.13793850,48.75000000
694.40000000,7.13793850,48.68750000
695.20000000,7.13793850,48.62500000
696.00000000,7.13793850,48.50000000
696.80000000,7.13793850,48.43750000
697.60000000,7.13793850,48.43750000
698.40000000,7.13793850,48.37500000
699.20000000,7.13793850,48.31250000
700.00000000,15.13793850,48.25000000
700.80000000,15.13793850,48.18750000
701.60000000,15.13793850,48.31250000
702.40000000,15.13793850,48.50000000
703.20000000,15.13793850,48.68750000
704.00000000,15.13793850,48.87500000
704.80000000,15.13793850,49.06250000
705.60000000,15.13793850,49.25000000
706.40000000,15.13793850,49.43750000
707.20000000,15.13793850,49.56250000
708.00000000,15.13793850,49.75000000
708.80000000,15.13793850,49.87500000
709.60000000,15.13793850,50.00000000
710.40000000,15.13793850,50.12500000
711.20000000,15.13793850,50.25000000
712.00000000,15.13793850,50.43750000
712.80000000,15.13793850,50.50000000
713.60000000,15.13793850,50.62500000
714.40000000,15.13793850,50.75000000
715.20000000,15.13793850,50.87500000
716.00000000,15.13793850,51.00000000
716.80000000,15.13793850,51.06250000
717.60000000,15.13793850,51.18750000
718.40000000,15.13793850,51.25000000
719.20000000,15.13793850,51.37500000
720.00000000,7.13793850,51.43750000
720.80000000,7.13793850,51.56250000
721.60000000,7.13793850,51.43750000
722.40000000,7.13793850,51.25000000
723.20000000,7.13793850,51.12500000
724.00000000,7.13793850,51.00000000
724.80000000,7.13793850,50.81250000
725.60000000,7.13793850,50.68750000
726.40000000,7.13793850,50.50000000
727.20000000,7.13793850,50.37500000
728.00000000,7.13793850,50.31250000
728.80000000,7.13793850,50.18750000
729.60000000,7.13793850,50.06250000
730.40000000,7.13793850,49.93750000
731.20000000,7.13793850,49.87500000
732.00000000,7.13793850,49.75000000
732.80000000,7.13793850,49.68750000
733.60000000,7.13793850,49.56250000
734.40000000,7.13793850,49.43750000
735.20000000,7.13793850,49.37500000
736.00000000,7.13793850,49.31250000
736.80000000,7.13793850,49.18750000
737.60000000,7.13793850,49.12500000
738.40000000,7.13793850,49.00000000
739.20000000,7.13793850,48.93750000
740.00000000,15.13793850,48.87500000
740.80000000,15.13793850,48.81250000
741.60000000,15.13793850,48.93750000
742.40000000,15.13793850,49.12500000
743.20000000,15.13793850,49.25000000
744.00000000,15.13793850,49.43750000
744.80000000,15.13793850,49.56250000
745.60000000,15.13793850,49.75000000
746.40000000,15.13793850,49.93750000
747.20000000,15.13793850,50.06250000
748.00000000,15.13793850,50.18750000
748.80000000,15.13793850,50.31250000
749.60000000,15.13793850,50.43750000
750.40000000,15.13793850,50.56250000
751.20000000,15.13793850,50.68750000
752.00000000,15.13793850,50.75000000
752.80000000,15.13793850,50.87500000
753.60000000,15.13793850,51.00000000
754.40000000,15.13793850,51.06250000
755.20000000,15.13793850,51.18750000
756.00000000,15.13793850,51.31250000
756.80000000,15.13793850,51.37500000
757.60000000,15.13793850,51.50000000
758.40000000,15.13793850,51.56250000
759.20000000,15.13793850,51.62500000
760.00000000,7.13793850,51.75000000
760.80000000,7.13793850,51.75000000
761.60000000,7.13793850,51.68750000
762.40000000,7.13793850,51.56250000
763.20000000,7.13793850,51.37500000
764.00000000,7.13793850,51.18750000
764.80000000,7.13793850,51.00000000
765.60000000,7.13793850,50.87500000
766.40000000,7.13793850,50.75000000
767.20000000,7.13793850,50.62500000
768.00000000,7.13793850,50.50000000
768.80000000,7.13793850,50.37500000
769.60000000,7.13793850,50.25000000
770.40000000,7.13793850,50.12500000
771.20000000,7.13793850,50.00000000
772.00000000,7.13793850,49.93750000
772.80000000,7.13793850,49.81250000
773.60000000,7.13793850,49.68750000
774.40000000,7.13793850,49.68750000
775.20000000,7.13793850,49.56250000
776.00000000,7.13793850,49.43750000
776.80000000,7.13793850,49.31250000
777.60000000,7.13793850,49.25000000
778.40000000,7.13793850,49.12500000
779.20000000,7.13793850,49.06250000
780.00000000,7.13793850,49.00000000
780.80000000,7.13793850,48.93750000
781.60000000,7.13793850,48.87500000
782.40000000,7.13793850,48.75000000
783.20000000,7.13793850,48.68750000
784.00000000,7.13793850,48.62500000
784.80000000,7.13793850,48.56250000
785.60000000,7.13793850,48.50000000
786.40000000,7.13793850,48.43750000
787.20000000,7.13793850,48.37500000
788.00000000,7.13793850,48.31250000
788.80000000,7.13793850,48.25000000
789.60000000,7.13793850,48.18750000
790.40000000,7.13793850,48.18750000
791.20000000,7.13793850,48.06250000
792.00000000,7.13793850,48.00000000
792.80000000,7.13793850,48.00000000
793.60000000,7.13793850,47.93750000
794.40000000,7.13793850,47.87500000
795.20000000,7.13793850,47.81250000
796.00000000,7.13793850,47.81250000
796.80000000,7.13793850,47.75000000
797.60000000,7.13793850,47.68750000
798.40000000,7.13793850,47.68750000
799.20000000,7.13793850,47.62500000
800.00000000,7.13793850,47.56250000
800.80000000,7.13793850,47.56250000
801.60000000,7.13793850,47.50000000
802.40000000,7.13793850,47.43750000
803.20000000,7.13793850,47.43750000
804.00000000,7.13793850,47.37500000
804.80000000,7.13793850,47.31250000
805.60000000,7.13793850,47.31250000
806.40000000,7.13793850,47.25000000
807.20000000,7.13793850,47.25000000
808.00000000,7.13793850,47.18750000
808.80000000,7.13793850,47.18750000
809.60000000,7.13793850,47.12500000
810.40000000,7.13793850,47.12500000
811.20000000,7.13793850,47.06250000
812.00000000,7.13793850,47.06250000
812.80000000,7.13793850,47.06250000
813.60000000,7.13793850,47.00000000
814.40000000,7.13793850,46.93750000
815.20000000,7.13793850,46.93750000
816.00000000,7.13793850,46.93750000
816.80000000,7.13793850,46.87500000
817.60000000,7.13793850,46.87500000
818.40000000,7.13793850,46.81250000
819.20000000,7.13793850,46.81250000
820.00000000,15.13793850,46.81250000
820.80000000,15.13793850,46.75000000
821.60000000,15.13793850,46.93750000
822.40000000,15.13793850,47.18750000
823.20000000,15.13793850,47.43750000
824.00000000,15.13793850,47.62500000
824.80000000,15.13793850,47.81250000
825.60000000,15.13793850,48.06250000
826.40000000,15.13793850,48.25000000
827.20000000,15.13793850,48.43750000
828.00000000,15.13793850,48.62500000
828.80000000,15.13793850,48.75000000
829.60000000,15.13793850,48.93750000
830.40000000,15.13793850,49.06250000
831.20000000,15.13793850,49.25000000
832.00000000,15.13793850,49.37500000
832.80000000,15.13793850,49.50000000
833.60000000,15.13793850,49.68750000
834.40000000,15.13793850,49.81250000
835.20000000,15.13793850,49.93750000
836.00000000,15.13793850,50.12500000
836.80000000,15.13793850,50.25000000
837.60000000,15.13793850,50.31250000
838.40000000,15.13793850,50.43750000
839.20000000,15.13793850,50.56250000
840.00000000,15.13793850,50.68750000
840.80000000,15.13793850,50.81250000
841.60000000,15.13793850,50.87500000
842.40000000,15.13793850,51.00000000
843.20000000,15.13793850,51.06250000
844.00000000,15.13793850,51.18750000
844.80000000,15.13793850,51.31250000
845.60000000,15.13793850,51.37500000
846.40000000,15.13793850,51.50000000
847.20000000,15.13793850,51.56250000
848.00000000,15.13793850,51.68750000
848.80000000,15.13793850,51.75000000
849.60000000,15.13793850,51.81250000
850.40000000,15.13793850,51.93750000
851.20000000,15.13793850,52.00000000
852.00000000,15.13793850,52.06250000
852.80000000,15.13793850,52.18750000
853.60000000,15.13793850,52.18750000
854.40000000,15.13793850,52.31250000
855.20000000,15.13793850,52.37500000
856.00000000,15.13793850,52.43750000
856.80000000,15.13793850,52.50000000
857.60000000,15.13793850,52.56250000
858.40000000,15.13793850,52.62500000
859.20000000,15.13793850,52.75000000
860.00000000,7.13793850,52.75000000
860.80000000,7.13793850,52.81250000
861.60000000,7.13793850,52.68750000
862.40000000,7.13793850,52.43750000
863.20000000,7.13793850,52.31250000
864.00000000,7.13793850,52.12500000
864.80000000,7.13793850,51.93750000
865.60000000,7.13793850,51.75000000
866.40000000,7.13793850,51.62500000
867.20000000,7.13793850,51.43750000
868.00000000,7.13793850,51.31250000
868.80000000,7.13793850,51.12500000
869.60000000,7.13793850,51.00000000
870.40000000,7.13793850,50.87500000
871.20000000,7.13793850,50.75000000
872.00000000,7.13793850,50.56250000
872.80000000,7.13793850,50.43750000
873.60000000,7.13793850,50.37500000
874.40000000,7.13793850,50.25000000
875.20000000,7.13793850,50.12500000
876.00000000,7.13793850,50.00000000
876.80000000,7.13793850,49.87500000
877.60000000,7.13793850,49.81250000
878.40000000,7.13793850,49.68750000
879.20000000,7.13793850,49.62500000
880.00000000,7.13793850,49.50000000
880.80000000,7.13793850,49.43750000
881.60000000,7.13793850,49.37500000
882.40000000,7.13793850,49.25000000
883.20000000,7.13793850,49.18750000
884.00000000,7.13793850,49.06250000
884.80000000,7.13793850,49.00000000
885.60000000,7.13793850,48.93750000
886.40000000,7.13793850,48.87500000
887.20000000,7.13793850,48.81250000
888.00000000,7.13793850,48.75000000
888.80000000,7.13793850,48.62500000
889.60000000,7.13793850,48.56250000
890.40000000,7.13793850,48.50000000
891.20000000,7.13793850,48.43750000
892.00000000,7.13793850,48.37500000
892.80000000,7.13793850,48.37500000
893.60000000,7.13793850,48.25000000
894.40000000,7.13793850,48.18750000
895.20000000,7.13793850,48.12500000
896.00000000,7.13793850,48.06250000
896.80000000,7.13793850,48.00000000
897.60000000,7.13793850,48.00000000
898.40000000,7.13793850,47.87500000
899.20000000,7.13793850,47.87500000
900.00000000,7.13793850,47.81250000
900.80000000,7.13793850,47.75000000
901.60000000,7.13793850,47.68750000
902.40000000,7.13793850,47.68750000
903.20000000,7.13793850,47.62500000
904.00000000,7.13793850,47.56250000
904.80000000,7.13793850,47.56250000
905.60000000,7.13793850,47.50000000
906.40000000,7.13793850,47.50000000
907.20000000,7.13793850,47.43750000
908.00000000,7.13793850,47.37500000
908.80000000,7.13793850,47.37500000
909.60000000,7.13793850,47.31250000
910.40000000,7.13793850,47.25000000
911.20000000,7.13793850,47.25000000
912.00000000,7.13793850,47.18750000
912.80000000,7.13793850,47.18750000
913.60000000,7.13793850,47.12500000
914.40000000,7.13793850,47.12500000
915.20000000,7.13793850,47.12500000
916.00000000,7.13793850,47.06250000
916.80000000,7.13793850,47.00000000
917.60000000,7.13793850,47.00000000
918.40000000,7.13793850,47.00000000
919.20000000,7.13793850,46.93750000
920.00000000,7.13793850,46.93750000
920.80000000,7.13793850,46.87500000
921.60000000,7.13793850,46.87500000
922.40000000,7.13793850,46.87500000
923.20000000,7.13793850,46.81250000
924.00000000,7.13793850,46.81250000
924.80000000,7.13793850,46.75000000
925.60000000,7.13793850,46.75000000
926.40000000,7.13793850,46.68750000
927.20000000,7.13793850,46.68750000
928.00000000,7.13793850,46.68750000
928.80000000,7.13793850,46.68750000
929.60000000,7.13793850,46.62500000
930.40000000,7.13793850,46.62500000
931.20000000,7.13793850,46.62500000
932.00000000,7.13793850,46.56250000
932.80000000,7.13793850,46.56250000
933.60000000,7.13793850,46.56250000
934.40000000,7.13793850,46.50000000
935.20000000,7.13793850,46.50000000
936.00000000,7.13793850,46.50000000
936.80000000,7.13793850,46.50000000
937.60000000,7.13793850,46.43750000
938.40000000,7.13793850,46.43750000
939.20000000,7.13793850,46.43750000
940.00000000,15.13793850,46.43750000
940.80000000,15.13793850,46.43750000
941.60000000,15.13793850,46.56250000
942.40000000,15.13793850,46.87500000
943.20000000,15.13793850,47.06250000
944.00000000,15.13793850,47.31250000
944.80000000,15.13793850,47.50000000
945.60000000,15.13793850,47.68750000
946.40000000,15.13793850,47.93750000
947.20000000,15.13793850,48.12500000
948.00000000,15.13793850,48.31250000
948.80000000,15.13793850,48.50000000
949.60000000,15.13793850,48.68750000
950.40000000,15.13793850,48.81250000
951.20000000,15.13793850,49.00000000
952.00000000,15.13793850,49.12500000
952.80000000,15.13793850,49.31250000
953.60000000,15.13793850,49.43750000
954.40000000,15.13793850,49.56250000
955.20000000,15.13793850,49.75000000
956.00000000,15.13793850,49.87500000
956.80000000,15.13793850,50.00000000
957.60000000,15.13793850,50.12500000
958.40000000,15.13793850,50.25000000
959.20000000,15.13793850,50.37500000
960.00000000,7.13793850,50.50000000
960.80000000,7.13793850,50.56250000
961.60000000,7.13793850,50.50000000
962.40000000,7.13793850,50.37500000
963.20000000,7.13793850,50.25000000
964.00000000,7.13793850,50.06250000
964.80000000,7.13793850,49.93750000
965.60000000,7.13793850,49.81250000
966.40000000,7.13793850,49.68750000
967.20000000,7.13793850,49.62500000
968.00000000,7.13793850,49.50000000
968.80000000,7.13793850,49.37500000
969.60000000,7.13793850,49.31250000
970.40000000,7.13793850,49.18750000
971.20000000,7.13793850,49.06250000
972.00000000,7.13793850,49.00000000
972.80000000,7.13793850,48.93750000
973.60000000,7.13793850,48.87500000
974.40000000,7.13793850,48.75000000
975.20000000,7.13793850,48.68750000
976.00000000,7.13793850,48.62500000
976.80000000,7.13793850,48.56250000
977.60000000,7.13793850,48.43750000
978.40000000,7.13793850,48.37500000
979.20000000,7.13793850,48.31250000
980.00000000,7.13793850,48.25000000
980.80000000,7.13793850,48.18750000
981.60000000,7.13793850,48.12500000
982.40000000,7.13793850,48.06250000
983.20000000,7.13793850,48.00000000
984.00000000,7.13793850,47.93750000
984.80000000,7.13793850,47.87500000
985.60000000,7.13793850,47.81250000
986.40000000,7.13793850,47.81250000
987.20000000,7.13793850,47.75000000
988.00000000,7.13793850,47.68750000
988.80000000,7.13793850,47.62500000
989.60000000,7.13793850,47.56250000
990.40000000,7.13793850,47.56250000
991.20000000,7.13793850,47.50000000
992.00000000,7.13793850,47.43750000
992.80000000,7.13793850,47.37500000
993.60000000,7.13793850,47.37500000
994.40000000,7.13793850,47.31250000
995.20000000,7.13793850,47.25000000
996.00000000,7.13793850,47.25000000
996.80000000,7.13793850,47.18750000
997.60000000,7.13793850,47.18750000
998.40000000,7.13793850,47.12500000
999.20000000,7.13793850,47.06250000
1000.00000000,7.13793850,47.06250000
1000.80000000,7.13793850,47.06250000
1001.60000000,7.13793850,47.00000000
1002.40000000,7.13793850,47.00000000
1003.20000000,7.13793850,46.93750000
1004.00000000,7.13793850,46.93750000
1004.80000000,7.13793850,46.87500000
1005.60000000,7.13793850,46.87500000
1006.40000000,7.13793850,46.87500000
1007.20000000,7.13793850,46.81250000
1008.00000000,7.13793850,46.81250000
1008.80000000,7.13793850,46.75000000
1009.60000000,7.13793850,46.75000000
1010.40000000,7.13793850,46.68750000
1011.20000000,7.13793850,46.68750000
1012.00000000,7.13793850,46.62500000
1012.80000000,7.13793850,46.62500000
1013.60000000,7.13793850,46.62500000
1014.40000000,7.13793850,46.56250000
1015.20000000,7.13793850,46.56250000
1016.00000000,7.13793850,46.56250000
1016.80000000,7.13793850,46.50000000
1017.60000000,7.13793850,46.50000000
1018.40000000,7.13793850,46.43750000
1019.20000000,7.13793850,46.43750000
1020.00000000,7.13793850,46.50000000
1020.80000000,7.13793850,46.43750000
1021.60000000,7.13793850,46.43750000
1022.40000000,7.13793850,46.37500000
1023.20000000,7.13793850,46.37500000
1024.00000000,7.13793850,46.37500000
1024.80000000,7.13793850,46.37500000
1025.60000000,7.13793850,46.37500000
1026.40000000,7.13793850,46.37500000
1027.20000000,7.13793850,46.31250000
1028.00000000,7.13793850,46.31250000
1028.80000000,7.13793850,46.31250000
1029.60000000,7.13793850,46.31250000
1030.40000000,7.13793850,46.31250000
1031.20000000,7.13793850,46.31250000
1032.00000000,7.13793850,46.25000000
1032.80000000,7.13793850,46.25000000
1033.60000000,7.13793850,46.25000000
1034.40000000,7.13793850,46.25000000
1035.20000000,7.13793850,46.18750000
1036.00000000,7.13793850,46.18750000
1036.80000000,7.13793850,46.18750000
1037.60000000,7.13793850,46.18750000
1038.40000000,7.13793850,46.18750000
1039.20000000,7.13793850,46.18750000
1040.00000000,7.13793850,46.12500000
1040.80000000,7.13793850,46.12500000
1041.60000000,7.13793850,46.18750000
1042.40000000,7.13793850,46.12500000
1043.20000000,7.13793850,46.12500000
1044.00000000,7.13793850,46.12500000
1044.80000000,7.13793850,46.12500000
1045.60000000,7.13793850,46.12500000
1046.40000000,7.13793850,46.12500000
1047.20000000,7.13793850,46.06250000
1048.00000000,7.13793850,46.12500000
1048.80000000,7.13793850,46.06250000
1049.60000000,7.13793850,46.12500000
1050.40000000,7.13793850,46.06250000
1051.20000000,7.13793850,46.12500000
1052.00000000,7.13793850,46.06250000
1052.80000000,7.13793850,46.06250000
1053.60000000,7.13793850,46.06250000
1054.40000000,7.13793850,46.06250000
1055.20000000,7.13793850,46.06250000
1056.00000000,7.13793850,46.06250000
1056.80000000,7.13793850,46.06250000
1057.60000000,7.13793850,46.06250000
1058.40000000,7.13793850,46.06250000
1059.20000000,7.13793850,46.06250000
1060.00000000,15.13793850,46.00000000
1060.80000000,15.13793850,46.00000000
1061.60000000,15.13793850,46.25000000
1062.40000000,15.13793850,46.50000000
1063.20000000,15.13793850,46.68750000
1064.00000000,15.13793850,46.93750000
1064.80000000,15.13793850,47.18750000
1065.60000000,15.13793850,47.37500000
1066.40000000,15.13793850,47.56250000
1067.20000000,15.13793850,47.81250000
1068.00000000,15.13793850,48.00000000
1068.80000000,15.13793850,48.12500000
1069.60000000,15.13793850,48.31250000
1070.40000000,15.13793850,48.50000000
1071.20000000,15.13793850,48.62500000
1072.00000000,15.13793850,48.81250000
1072.80000000,15.13793850,48.93750000
1073.60000000,15.13793850,49.12500000
1074.40000000,15.13793850,49.25000000
1075.20000000,15.13793850,49.37500000
1076.00000000,15.13793850,49.50000000
1076.80000000,15.13793850,49.62500000
1077.60000000,15.13793850,49.81250000
1078.40000000,15.13793850,49.87500000
1079.20000000,15.13793850,50.00000000
1080.00000000,15.13793850,50.12500000
1080.80000000,15.13793850,50.25000000
1081.60000000,15.13793850,50.37500000
1082.40000000,15.13793850,50.43750000
1083.20000000,15.13793850,50.62500000
1084.00000000,15.13793850,50.68750000
1084.80000000,15.13793850,50.81250000
1085.60000000,15.13793850,50.93750000
1086.40000000,15.13793850,51.00000000
1087.20000000,15.13793850,51.06250000
1088.00000000,15.13793850,51.18750000
1088.80000000,15.13793850,51.25000000
1089.60000000,15.13793850,51.37500000
1090.40000000,15.13793850,51.50000000
1091.20000000,15.13793850,51.56250000
1092.00000000,15.13793850,51.68750000
1092.80000000,15.13793850,51.75000000
1093.60000000,15.13793850,51.81250000
1094.40000000,15.13793850,51.87500000
1095.20000000,15.13793850,52.00000000
1096.00000000,15.13793850,52.00000000
1096.80000000,15.13793850,52.12500000
1097.60000000,15.13793850,52.18750000
1098.40000000,15.13793850,52.25000000
1099.20000000,15.13793850,52.37500000
1100.00000000,15.13793850,52.43750000
1100.80000000,15.13793850,52.43750000
1101.60000000,15.13793850,52.50000000
1102.40000000,15.13793850,52.62500000
1103.20000000,15.13793850,52.62500000
1104.00000000,15.13793850,52.68750000
1104.80000000,15.13793850,52.75000000
1105.60000000,15.13793850,52.81250000
1106.40000000,15.13793850,52.87500000
1107.20000000,15.13793850,53.00000000
1108.00000000,15.13793850,53.00000000
1108.80000000,15.13793850,53.06250000
1109.60000000,15.13793850,53.12500000
1110.40000000,15.13793850,53.18750000
1111.20000000,15.13793850,53.18750000
1112.00000000,15.13793850,53.25000000
1112.80000000,15.13793850,53.25000000
1113.60000000,15.13793850,53.31250000
1114.40000000,15.13793850,53.37500000
1115.20000000,15.13793850,53.43750000
1116.00000000,15.13793850,53.43750000
1116.80000000,15.13793850,53.50000000
1117.60000000,15.13793850,53.50000000
1118.40000000,15.13793850,53.62500000
1119.20000000,15.13793850,53.62500000
1120.00000000,15.13793850,53.68750000
1120.80000000,15.13793850,53.75000000
1121.60000000,15.13793850,53.75000000
1122.40000000,15.13793850,53.81250000
1123.20000000,15.13793850,53.81250000
1124.00000000,15.13793850,53.87500000
1124.80000000,15.13793850,53.87500000
1125.60000000,15.13793850,53.93750000
1126.40000000,15.13793850,53.93750000
1127.20000000,15.13793850,54.00000000
1128.00000000,15.13793850,54.00000000
1128.80000000,15.13793850,54.06250000
1129.60000000,15.13793850,54.06250000
1130.40000000,15.13793850,54.06250000
1131.20000000,15.13793850,54.12500000
1132.00000000,15.13793850,54.18750000
1132.80000000,15.13793850,54.18750000
1133.60000000,15.13793850,54.25000000
1134.40000000,15.13793850,54.25000000
1135.20000000,15.13793850,54.31250000
1136.00000000,15.13793850,54.31250000
1136.80000000,15.13793850,54.37500000
1137.60000000,15.13793850,54.37500000
1138.40000000,15.13793850,54.43750000
1139.20000000,15.13793850,54.43750000
1140.00000000,15.13793850,54.43750000
1140.80000000,15.13793850,54.50000000
1141.60000000,15.13793850,54.50000000
1142.40000000,15.13793850,54.56250000
1143.20000000,15.13793850,54.56250000
1144.00000000,15.13793850,54.62500000
1144.80000000,15.13793850,54.56250000
1145.60000000,15.13793850,54.62500000
1146.40000000,15.13793850,54.62500000
1147.20000000,15.13793850,54.62500000
1148.00000000,15.13793850,54.62500000
1148.80000000,15.13793850,54.62500000
1149.60000000,15.13793850,54.68750000
1150.40000000,15.13793850,54.68750000
1151.20000000,15.13793850,54.68750000
1152.00000000,15.13793850,54.75000000
1152.80000000,15.13793850,54.68750000
1153.60000000,15.13793850,54.68750000
1154.40000000,15.13793850,54.75000000
1155.20000000,15.13793850,54.75000000
1156.00000000,15.13793850,54.81250000
1156.80000000,15.13793850,54.75000000
1157.60000000,15.13793850,54.81250000
1158.40000000,15.13793850,54.81250000
1159.20000000,15.13793850,54.81250000
1160.00000000,15.13793850,54.81250000
1160.80000000,15.13793850,54.81250000
1161.60000000,15.13793850,54.87500000
1162.40000000,15.13793850,54.87500000
1163.20000000,15.13793850,54.87500000
1164.00000000,15.13793850,54.87500000
1164.80000000,15.13793850,54.93750000
1165.60000000,15.13793850,54.93750000
1166.40000000,15.13793850,54.93750000
1167.20000000,15.13793850,54.93750000
1168.00000000,15.13793850,54.93750000
1168.80000000,15.13793850,55.00000000
1169.60000000,15.13793850,55.00000000
1170.40000000,15.13793850,55.00000000
1171.20000000,15.13793850,55.00000000
1172.00000000,15.13793850,55.00000000
1172.80000000,15.13793850,55.06250000
1173.60000000,15.13793850,55.06250000
1174.40000000,15.13793850,55.06250000
1175.20000000,15.13793850,55.06250000
1176.00000000,15.13793850,55.06250000
1176.80000000,15.13793850,55.06250000
1177.60000000,15.13793850,55.06250000
1178.40000000,15.13793850,55.12500000
1179.20000000,15.13793850,55.06250000
1180.00000000,7.13793850,55.06250000
1180.80000000,7.13793850,55.12500000
1181.60000000,7.13793850,54.93750000
1182.40000000,7.13793850,54.68750000
1183.20000000,7.13793850,54.43750000
1184.00000000,7.13793850,54.25000000
1184.80000000,7.13793850,54.00000000
1185.60000000,7.13793850,53.75000000
1186.40000000,7.13793850,53.56250000
1187.20000000,7.13793850,53.37500000
1188.00000000,7.13793850,53.18750000
1188.80000000,7.13793850,53.00000000
1189.60000000,7.13793850,52.87500000
1190.40000000,7.13793850,52.68750000
1191.20000000,7.13793850,52.50000000
1192.00000000,7.13793850,52.37500000
1192.80000000,7.13793850,52.18750000
1193.60000000,7.13793850,52.06250000
1194.40000000,7.13793850,51.93750000
1195.20000000,7.13793850,51.75000000
1196.00000000,7.13793850,51.62500000
1196.80000000,7.13793850,51.50000000
1197.60000000,7.13793850,51.37500000
1198.40000000,7.13793850,51.25000000
1199.20000000,7.13793850,51.12500000
1200.00000000,15.13793850,51.00000000
1200.80000000,15.13793850,50.93750000
1201.60000000,15.13793850,51.00000000
1202.40000000,15.13793850,51.12500000
1203.20000000,15.13793850,51.31250000
1204.00000000,15.13793850,51.37500000
1204.80000000,15.13793850,51.50000000
1205.60000000,15.13793850,51.62500000
1206.40000000,15.13793850,51.75000000
1207.20000000,15.13793850,51.87500000
1208.00000000,15.13793850,51.93750000
1208.80000000,15.13793850,52.06250000
1209.60000000,15.13793850,52.12500000
1210.40000000,15.13793850,52.25000000
1211.20000000,15.13793850,52.31250000
1212.00000000,15.13793850,52.43750000
1212.80000000,15.13793850,52.50000000
1213.60000000,15.13793850,52.56250000
1214.40000000,15.13793850,52.62500000
1215.20000000,15.13793850,52.68750000
1216.00000000,15.13793850,52.81250000
1216.80000000,15.13793850,52.87500000
1217.60000000,15.13793850,52.93750000
1218.40000000,15.13793850,53.00000000
1219.20000000,15.13793850,53.06250000
1220.00000000,7.13793850,53.12500000
1220.80000000,7.13793850,53.18750000
1221.60000000,7.13793850,53.00000000
1222.40000000,7.13793850,52.81250000
1223.20000000,7.13793850,52.62500000
1224.00000000,7.13793850,52.43750000
1224.80000000,7.13793850,52.31250000
1225.60000000,7.13793850,52.12500000
1226.40000000,7.13793850,52.00000000
1227.20000000,7.13793850,51.81250000
1228.00000000,7.13793850,51.68750000
1228.80000000,7.13793850,51.50000000
1229.60000000,7.13793850,51.37500000
1230.40000000,7.13793850,51.25000000
1231.20000000,7.13793850,51.12500000
1232.00000000,7.13793850,51.00000000
1232.80000000,7.13793850,50.87500000
1233.60000000,7.13793850,50.81250000
1234.40000000,7.13793850,50.62500000
1235.20000000,7.13793850,50.56250000
1236.00000000,7.13793850,50.50000000
1236.80000000,7.13793850,50.37500000
1237.60000000,7.13793850,50.25000000
1238.40000000,7.13793850,50.18750000
1239.20000000,7.13793850,50.06250000
1240.00000000,15.13793850,50.00000000
1240.80000000,15.13793850,49.93750000
1241.60000000,15.13793850,50.06250000
1242.40000000,15.13793850,50.18750000
1243.20000000,15.13793850,50.37500000
1244.00000000,15.13793850,50.56250000
1244.80000000,15.13793850,50.68750000
1245.60000000,15.13793850,50.81250000
1246.40000000,15.13793850,50.93750000
1247.20000000,15.13793850,51.12500000
1248.00000000,15.13793850,51.25000000
1248.80000000,15.13793850,51.37500000
1249.60000000,15.13793850,51.50000000
1250.40000000,15.13793850,51.56250000
1251.20000000,15.13793850,51.68750000
1252.00000000,15.13793850,51.81250000
1252.80000000,15.13793850,51.93750000
1253.60000000,15.13793850,52.00000000
1254.40000000,15.13793850,52.12500000
1255.20000000,15.13793850,52.18750000
1256.00000000,15.13793850,52.31250000
1256.80000000,15.13793850,52.37500000
1257.60000000,15.13793850,52.50000000
1258.40000000,15.13793850,52.56250000
1259.20000000,15.13793850,52.62500000
